﻿<?xml version="1.0" encoding="utf-8" ?>
<Database>
  <Tables>
    <Table name="AlertCategory" data="true"/>
    <Table name="AlertCategoryCriteria" />
    <Table name="AlertChangeTypeCriteria" />
    <Table name="AlertConfig" />
    <Table name="AlertFrequency" data="true"/>
    <Table name="AlertReceiver" />
    <Table name="AlertServiceSettings" data="true" />   
    <Table name="Visits" />
    <Table name="AlertReceiverType" data="true" />
    <Table name="AnyChanges" data="true" />
    <Table name="PerformanceAction" data="true" />
    <Table name="PerformanceData" />
    <Table name="PerformanceUtilitySetting" data="true" />
    <Table name="AlertReceiverRoleType" data="true" />

    <Table name="Brand" data="true"/>
    <Table name="Brand2DocumentTemplate" data="true"/>
    <Table name="Brand2Feature" data="true"/>
    <Table name="Brand2StandardMilestone" data="true"/>
    <Table name="BrandFeature2Field" data="true"/>
    <Table name="BusinessProcess" data="true"/>
    <Table name="Case" />
    <Table name="Case2CaseBundle" />
    <Table name="Case2ComponentType" />
    <Table name="Case2Item" />
    <Table name="Case2KPIRating" />
    <Table name="Case2LogInfo" />
    <Table name="Case2Participant" />
    <Table name="Case2Phase" />
    <Table name="Case2ReasonCode" />
    <Table name="Case2SBU" />
    <Table name="Case2ServiceCode" />
    <Table name="Case2Supplier" />
    <Table name="Case2Supplier2Stage" />
    <Table name="Case2TurbineMatrix" />
    <Table name="Case2TurbineMatrix2Case2Item" />
    <Table name="CaseBundle" />
    <Table name="CaseRelation" data="true" />
    <Table name="ChangeType" data="true" />
    <Table name="ChangeLog" />
    <Table name="CIR" />
    <Table name="CIR_ImportStaging" />
    <Table name="ClaimStatus" data="true"/>
    <Table name="ComponentType" data="true"/>
    <Table name="Control" data="true"/>
    <Table name="CustomColumnsName" />
    <Table name="CustomColumnsValue" />
    <Table name="DatabaseVersion" data="true"/>
    <Table name="Discussion" />
    <Table name="Document" />
    <Table name="DocumentBinary" data="true">
      <!-- only transfer the document binaries that exist in the DocumentTemplate table -->
      <WhereClause>
        DocumentBinaryId IN (
          SELECT DocumentBinaryId FROM DocumentTemplate
        )
      </WhereClause>
    </Table>
    <Table name="DocumentClassification" data="true"/>
    <Table name="DocumentStatus" data="true"/>
    <Table name="DocumentTemplate" data="true"/>
    <Table name="DocumentVersion" />
    <Table name="ERPSystem" data="true"/>
    <Table name="Feature" data="true"/>
    <Table name="Field" />
    <Table name="FinanceCondition" data="true"/>
    <Table name="Folder" />
    <Table name="Folder2Document" />
    <Table name="Folder2ProjectPlanDocument" />
    <Table name="FolderType" data="true"/>
    <Table name="Help" />
    <Table name="InlineHelp" />
    <Table name="InlineHelpText" data="true"/>
    <Table name="Item" data="true">
      <WhereClause>
        ItemId IN (
          SELECT TOP 250 ItemId FROM Item
          WHERE Deleted IS NULL
          AND ERPSystemId = 1
          ORDER BY Created DESC
        )
        OR ItemId IN (
          SELECT TOP 250 ItemId FROM Item
          WHERE Deleted IS NULL
          AND ERPSystemId = 2
          ORDER BY Created DESC
        )
        OR ItemId IN (
          SELECT TOP 250 ItemId FROM Item
          WHERE Deleted IS NULL
          AND ERPSystemId = 3
          ORDER BY Created DESC
        )
        OR ItemId IN (
          SELECT TOP 250 ItemId FROM Item
          WHERE Deleted IS NULL
          AND ERPSystemId = 4
          ORDER BY Created DESC
        )
      </WhereClause>
    </Table>
    <Table name="Item_ImportStaging" />
    <Table name="ItemStatus" />
    <Table name="KPI" data="true"/>
    <Table name="KPIGroup" data="true"/>
    <Table name="KPIRating" data="true"/>
    <Table name="Language" data="true"/>
    <Table name="LogInfo" data="true"/>
    <Table name="LogInfo_ImportStaging" />
    <Table name="LogInfo2LogTxt" />
    <!--<Table name="LogInfo2LogTxt" data="true"/>-->
    <Table name="LogTxt" />
    <!--<Table name="LogTxt" data="true"/>-->
    <Table name="LogTxt_ImportStaging" />
    <Table name="Milestone" data="true"/>
    <Table name="Module" data="true"/>
    <Table name="News" />
    <Table name="News2Participant" />
    <Table name="OldCIMTurbine" />
    <Table name="Participant" data="true">
      <!--<WhereClause>
        ParticipantId IN (
          SELECT TOP 1000 ParticipantId FROM Participant WHERE Deleted IS NULL AND Created > '01-01-2010'
        )
        OR ParticipantId IN (
          SELECT ParticipantId FROM Participant WHERE Department = 'Microsoft Technology'
        )
      </WhereClause>-->
    </Table>
    <Table name="Participant_ImportStaging" />
    <Table name="ParticipantLog" />
    <Table name="ParticipationType" data="true"/>
    <Table name="Payee" data="true"/>
    <Table name="PBU" data="true"/>
    <Table name="PBU_ImportStaging" />
    <Table name="Phase" data="true"/>
    <Table name="Phase2Status" data="true"/>
    <Table name="Platform" data="true"/>
    <Table name="Populationlist" />
    <Table name="PopulationlistDocument" />
    <Table name="PopulationlistItem" />
    <Table name="Portfolio" data="true"/>
    <Table name="Project" data="true"/>
    <Table name="ProjectPlan" />
    <Table name="ProjectPlanVersion" data="true"/>
    <Table name="RC" />
    <Table name="RCComponentOwner" data="true"/>
    <Table name="RCOrigin" data="true"/>
    <Table name="RCOriginRelation" data="true"/>
    <Table name="RCOriginResponsible" data="true"/>
    <Table name="RCOriginUnit" data="true"/>
    <Table name="ReasonCode" data="true"/>
    <Table name="RelatedCase" />
    <Table name="RelatedCase2CaseRelation" />
    <Table name="RelatedItem" data="true"/>
    <Table name="ReportType" data="true"/>
    <Table name="SBU" data="true"/>
    <Table name="SBU_ImportStaging" />
    <Table name="SBUClone" data="true"/>
    <Table name="SearchProfile" />
    <Table name="SearchProfileDetail" />
    <Table name="ServiceCode" data="true"/>
    <Table name="ServiceCode_ImportStaging" />
    <Table name="ServiceGroup" data="true"/>
    <Table name="ServiceGroup_ImportStaging" />
    <Table name="ServiceType" data="true"/>
    <Table name="Stage" data="true"/>
    <Table name="StandardFolder" data="true"/>
    <Table name="StandardMilestone" />
    <Table name="StandardTask" data="true"/>
    <Table name="StandardTask2Status" data="true"/>
    <Table name="State" data="true"/>
    <Table name="Status" data="true"/>
    <Table name="Supplier" data="true">
      <WhereClause>
        SupplierId IN (
          SELECT TOP 1000 SupplierId FROM Supplier
          WHERE Deleted IS NULL AND Created > '01-01-2010'
          ORDER BY Created DESC
        )
      </WhereClause>
    </Table>
    <Table name="Supplier_ImportStaging" />
    <Table name="SupplierEnvironment" data="true"/>
    <Table name="SupplierEnvironment_ImportStaging" />
    <Table name="Task" />
    <Table name="TaskMilestone" />
    <Table name="Timeline" />
    <Table name="Turbine" data="true"/>
    <Table name="Turbine_ImportStaging" />
    <Table name="TurbineFrequency" data="true"/>
    <Table name="TurbineFrequency_ImportStaging" />
    <Table name="TurbineManufacturer" data="true"/>
    <Table name="TurbineManufacturer_ImportStaging" />
    <Table name="TurbineMarkVersion" data="true"/>
    <Table name="TurbineMarkVersion_ImportStaging" />
    <Table name="TurbineMatrix" data="true"/>
    <Table name="TurbineMatrix_ImportStaging" />
    <Table name="TurbineNominelPower" data="true"/>
    <Table name="TurbineNominelPower_ImportStaging" />
    <Table name="TurbineOld" data="true"/>
    <Table name="TurbineOld_ImportStaging" />
    <Table name="TurbinePlacement" data="true"/>
    <Table name="TurbinePlacement_ImportStaging" />
    <Table name="TurbinePowerRegulation" data="true"/>
    <Table name="TurbinePowerRegulation_ImportStaging" />
    <Table name="TurbineRotorDiameter" data="true"/>
    <Table name="TurbineRotorDiameter_ImportStaging" />
    <Table name="TurbineSmallGenerator" data="true"/>
    <Table name="TurbineSmallGenerator_ImportStaging" />
    <Table name="TurbineTemperatureVariant" data="true"/>
    <Table name="TurbineTemperatureVariant_ImportStaging" />
    <Table name="TurbineVoltage" data="true"/>
    <Table name="TurbineVoltage_ImportStaging" />
  </Tables>
  <Views>
    <!--<View name="vwCIM_RCOrigins" />-->
    <View name="vwCIM_FinanceReport" />
  </Views>
  <StoredProcedures>
    <StoredProcedure name="sp_CleanUnusedCaseBundles" />
    <StoredProcedure name="CreateBinaryFromTemplate" />
    <StoredProcedure name="CreateCaseStandards" />
    <StoredProcedure name="CreateFolder" />
    <StoredProcedure name="DeleteUnreferencedBinary" />
    <StoredProcedure name="DocumentUpgradeCaseStandards" />
    <StoredProcedure name="GetDocumentsForCase" />
    <StoredProcedure name="NewCaseId" />
  </StoredProcedures>
</Database>
