﻿<?xml version="1.0" encoding="utf-8" ?>
<VestasBuildTasks>
	<!-- Settings for database upgrade and test -->
	<DatabaseUpgradeTask>
		<Database name="PManagement" upgradeMode="incremental"/>
		<ModelDatabase path="..\Database\Initial\PManagement.bak" />
		<UpgradeScripts>
			<Folder path="..\Database" />
		</UpgradeScripts>
		<DataPopulationProject path="PManagement.DataInsert.dll" />
		<TestProject path="PManagement.Upgrade.Test.dll" />
		<Users>
			<User name="APP_PManagement_WinApp" login="APP_PManagement_WinApp" roles="db_datareader,db_datawriter" />
		</Users>
	</DatabaseUpgradeTask>

	<!-- Settings for MSI builds -->
	<MsiBuilderTask path="PManagement.WinServiceInstall.msi" serviceName="PManagement.WinService" />

	<!-- Settings for ClickOnce publishing -->
	<!--<ClickOncePublishTask path="..\Source\PManagement.Win\publish" deployTo="\\DKRDSTFS04\WWW\PManagementWinApp" />-->

	<!-- Settings for website -->
	<WebsiteTask path="PManagement.Web" deployTo="\\{AppServer}\WWW\PManagement" />

	<!-- Settings for deployment -->
	<DeploymentTask application="PManagement" />

	<!-- Settings for test task -->
	<!--<TestTask setting="Some value" />-->

</VestasBuildTasks>
